FILE_NAME,CATEGORY,SUPER_CATEGORY,STYLE,ORIG_CATEGORY_FILE,ORIG_STYLE_FILE
stylized1.jpg,Apoidea,,number_one,1550216404322.jpg,number_one_11.jpg
stylized2.jpg,Apoidea,,number_one,d908a772-26bf-430d-95da-fc6a4a3d92c4.jpeg,number_one_3.JPG
stylized3.jpg,Apoidea,,number_one,1549279436989.jpg,number_one_7.jpg
stylized4.jpg,Apoidea,,number_one,1549432435952.jpg,number_one_5.jpg
stylized5.jpg,Apoidea,,number_one,1550008717027.jpg,number_one_2.jpg
stylized6.jpg,Apoidea,,number_one,1549432385861.jpg,number_one_2.jpg
stylized7.jpg,Apoidea,,number_one,1548747446541.jpg,number_one_5.jpg
stylized8.jpg,Apoidea,,number_one,1548777859648.jpg,number_one_10.jpg
stylized9.jpg,Apoidea,,number_one,1549270132859.jpg,number_one_6.jpg
stylized10.jpg,Apoidea,,number_one,1550391902439.jpg,number_one_10.jpg
stylized11.jpg,Apoidea,,number_one,1550167893827.jpg,number_one_4.jpeg
stylized12.jpg,Apoidea,,number_one,1550007228977.jpg,number_one_6.jpg
stylized13.jpg,Apoidea,,number_one,1549894711075.jpg,number_one_7.jpg
stylized14.jpg,Apoidea,,number_one,1549487369318.jpg,number_one_1.jpg
stylized15.jpg,Apoidea,,number_one,1549432707458.jpg,number_one_11.jpg
stylized16.jpg,Apoidea,,number_one,1550392908484.jpg,number_one_10.jpg
stylized17.jpg,Apoidea,,number_one,1547538910866.jpg,number_one_5.jpg
stylized18.jpg,Apoidea,,number_one,1549358704131.jpg,number_one_2.jpg
stylized19.jpg,Apoidea,,number_one,1550314924962.jpg,number_one_4.jpeg
stylized20.jpg,Apoidea,,number_one,1549605011244.jpg,number_one_7.jpg
stylized21.jpg,Apoidea,,number_one,1549485191165.jpg,number_one_10.jpg
stylized22.jpg,Apoidea,,number_one,1547541324207.jpg,number_one_9.jpg
stylized23.jpg,Apoidea,,number_one,1546368458535.jpg,number_one_8.jpg
stylized24.jpg,Apoidea,,number_one,1549875089480.jpg,number_one_3.JPG
stylized25.jpg,Apoidea,,number_one,1550391931664.jpg,number_one_6.jpg
stylized26.jpg,Apoidea,,number_one,1560495328588.jpg,number_one_9.jpg
stylized27.jpg,Apoidea,,number_one,1550401327154.jpg,number_one_6.jpg
stylized28.jpg,Apoidea,,number_one,1550122803802.jpg,number_one_2.jpg
stylized29.jpg,Apoidea,,number_one,1550131181543.jpg,number_one_5.jpg
stylized30.jpg,Apoidea,,number_one,1550083265148.jpg,number_one_2.jpg
stylized31.jpg,Apoidea,,number_one,1550046356477.jpg,number_one_6.jpg
stylized32.jpg,Apoidea,,number_one,1549487329166.jpg,number_one_0.jpg
stylized33.jpg,Apoidea,,number_one,1550420618472.jpg,number_one_10.jpg
stylized34.jpg,Apoidea,,number_one,1546531453328.jpg,number_one_10.jpg
stylized35.jpg,Apoidea,,number_one,1547530173733.jpg,number_one_5.jpg
stylized36.jpg,Apoidea,,number_one,1550391890869.jpg,number_one_10.jpg
stylized37.jpg,Apoidea,,number_one,1549875444743.jpg,number_one_7.jpg
stylized38.jpg,Apoidea,,number_one,1550333744797.jpg,number_one_3.JPG
stylized39.jpg,Apoidea,,number_one,1550388758829.jpg,number_one_2.jpg
stylized40.jpg,Apoidea,,number_one,1550051209602.jpg,number_one_9.jpg
stylized41.jpg,Apoidea,,autumn_leaves,1549560913057.jpg,autumn_leaves_8.jpg
stylized42.jpg,Apoidea,,autumn_leaves,1550167857489.jpg,autumn_leaves_8.jpg
stylized43.jpg,Apoidea,,autumn_leaves,1550083284174.jpg,autumn_leaves_7.jpg
stylized44.jpg,Apoidea,,autumn_leaves,1550401318356.jpg,autumn_leaves_1.jpg
stylized45.jpg,Apoidea,,autumn_leaves,1550131170241.jpg,autumn_leaves_1.jpg
stylized46.jpg,Apoidea,,autumn_leaves,1550158758021.jpg,autumn_leaves_6.jpg
stylized47.jpg,Apoidea,,autumn_leaves,1550764131184.jpg,autumn_leaves_4.jpeg
stylized48.jpg,Apoidea,,autumn_leaves,1549381230219.jpg,autumn_leaves_6.jpg
stylized49.jpg,Apoidea,,autumn_leaves,1550046368471.jpg,autumn_leaves_7.jpg
stylized50.jpg,Apoidea,,autumn_leaves,1549432417231.jpg,autumn_leaves_8.jpg
stylized51.jpg,Apoidea,,autumn_leaves,1547444403808.jpg,autumn_leaves_5.jpg
stylized52.jpg,Apoidea,,autumn_leaves,1550122422760.jpg,autumn_leaves_5.jpg
stylized53.jpg,Apoidea,,autumn_leaves,1550388750336.jpg,autumn_leaves_7.jpg
stylized54.jpg,Apoidea,,autumn_leaves,1549467937129.jpg,autumn_leaves_4.jpeg
stylized55.jpg,Apoidea,,autumn_leaves,1550147730071.jpg,autumn_leaves_9.jpeg
stylized56.jpg,Apoidea,,autumn_leaves,1550350926681.jpg,autumn_leaves_5.jpg
stylized57.jpg,Apoidea,,autumn_leaves,1549894347095.jpg,autumn_leaves_5.jpg
stylized58.jpg,Apoidea,,autumn_leaves,1546422397766.jpg,autumn_leaves_3.jpg
stylized59.jpg,Apoidea,,autumn_leaves,1546592102172.jpg,autumn_leaves_8.jpg
stylized60.jpg,Apoidea,,autumn_leaves,1550355291772.jpg,autumn_leaves_1.jpg
stylized61.jpg,Apoidea,,autumn_leaves,1550083222658.jpg,autumn_leaves_4.jpeg
stylized62.jpg,Apoidea,,autumn_leaves,1549604964712.jpg,autumn_leaves_7.jpg
stylized63.jpg,Apoidea,,autumn_leaves,1547799292215.jpg,autumn_leaves_0.jpg
stylized64.jpg,Apoidea,,autumn_leaves,1547444347549.jpg,autumn_leaves_0.jpg
stylized65.jpg,Apoidea,,autumn_leaves,1549604995734.jpg,autumn_leaves_6.jpg
stylized66.jpg,Apoidea,,autumn_leaves,1549819381910.jpg,autumn_leaves_9.jpeg
stylized67.jpg,Apoidea,,autumn_leaves,1550238926105.jpg,autumn_leaves_0.jpg
stylized68.jpg,Apoidea,,autumn_leaves,1549467915842.jpg,autumn_leaves_8.jpg
stylized69.jpg,Apoidea,,autumn_leaves,1549875398272.jpg,autumn_leaves_6.jpg
stylized70.jpg,Apoidea,,autumn_leaves,1548692281479.jpg,autumn_leaves_2.jpg
stylized71.jpg,Apoidea,,autumn_leaves,1550132352220.jpg,autumn_leaves_3.jpg
stylized72.jpg,Apoidea,,autumn_leaves,1546593638280.jpg,autumn_leaves_7.jpg
stylized73.jpg,Apoidea,,autumn_leaves,1548181221652.jpg,autumn_leaves_9.jpeg
stylized74.jpg,Apoidea,,autumn_leaves,1546368442707.jpg,autumn_leaves_7.jpg
stylized75.jpg,Apoidea,,autumn_leaves,1550122367014.jpg,autumn_leaves_0.jpg
stylized76.jpg,Apoidea,,autumn_leaves,1550388770134.jpg,autumn_leaves_1.jpg
stylized77.jpg,Apoidea,,autumn_leaves,1547446031333.jpg,autumn_leaves_2.jpg
stylized78.jpg,Apoidea,,autumn_leaves,1547831285467.jpg,autumn_leaves_6.jpg
stylized79.jpg,Apoidea,,autumn_leaves,1550315041206.jpg,autumn_leaves_3.jpg
stylized80.jpg,Apoidea,,autumn_leaves,1549617293156.jpg,autumn_leaves_4.jpeg
stylized81.jpg,Apoidea,,trippy_flowers,1549432726375.jpg,trippy_flowers_0.jpeg
stylized82.jpg,Apoidea,,trippy_flowers,1550402625639.jpg,trippy_flowers_0.jpeg
stylized83.jpg,Apoidea,,trippy_flowers,1550348859575.jpg,trippy_flowers_0.jpeg
stylized84.jpg,Apoidea,,trippy_flowers,1550133947658.jpg,trippy_flowers_1.png
stylized85.jpg,Apoidea,,trippy_flowers,1560496068793.jpg,trippy_flowers_0.jpeg
stylized86.jpg,Apoidea,,trippy_flowers,1550163725682.jpg,trippy_flowers_3.jpg
stylized87.jpg,Apoidea,,trippy_flowers,1550216394191.jpg,trippy_flowers_0.jpeg
stylized88.jpg,Apoidea,,trippy_flowers,1548181234563.jpg,trippy_flowers_2.jpg
stylized89.jpg,Apoidea,,trippy_flowers,1550167915776.jpg,trippy_flowers_1.png
stylized90.jpg,Apoidea,,trippy_flowers,1550085848247.jpg,trippy_flowers_0.jpeg
stylized91.jpg,Apoidea,,trippy_flowers,1550220165214.jpg,trippy_flowers_1.png
stylized92.jpg,Apoidea,,trippy_flowers,1550046348312.jpg,trippy_flowers_0.jpeg
stylized93.jpg,Apoidea,,trippy_flowers,1547885309168.jpg,trippy_flowers_1.png
stylized94.jpg,Apoidea,,trippy_flowers,1550085870626.jpg,trippy_flowers_0.jpeg
stylized95.jpg,Apoidea,,trippy_flowers,1548450902686.jpg,trippy_flowers_2.jpg
stylized96.jpg,Apoidea,,trippy_flowers,1549605031395.jpg,trippy_flowers_1.png
stylized97.jpg,Apoidea,,trippy_flowers,1550053940239.jpg,trippy_flowers_0.jpeg
stylized98.jpg,Apoidea,,trippy_flowers,1547444377158.jpg,trippy_flowers_0.jpeg
stylized99.jpg,Apoidea,,trippy_flowers,1550238970322.jpg,trippy_flowers_2.jpg
stylized100.jpg,Apoidea,,trippy_flowers,1549272913897.jpg,trippy_flowers_0.jpeg
stylized101.jpg,Apoidea,,trippy_flowers,1550330250547.jpg,trippy_flowers_2.jpg
stylized102.jpg,Apoidea,,trippy_flowers,1549272904911.jpg,trippy_flowers_3.jpg
stylized103.jpg,Apoidea,,trippy_flowers,1550122825834.jpg,trippy_flowers_2.jpg
stylized104.jpg,Apoidea,,trippy_flowers,1549875510331.jpg,trippy_flowers_1.png
stylized105.jpg,Apoidea,,trippy_flowers,1550220157747.jpg,trippy_flowers_2.jpg
stylized106.jpg,Apoidea,,trippy_flowers,1550356359626.jpg,trippy_flowers_1.png
stylized107.jpg,Apoidea,,trippy_flowers,1550086091379.jpg,trippy_flowers_0.jpeg
stylized108.jpg,Apoidea,,trippy_flowers,1549618858731.jpg,trippy_flowers_0.jpeg
stylized109.jpg,Apoidea,,trippy_flowers,1550122336721.jpg,trippy_flowers_3.jpg
stylized110.jpg,Apoidea,,trippy_flowers,1549560830835.jpg,trippy_flowers_1.png
stylized111.jpg,Apoidea,,trippy_flowers,1550392917349.jpg,trippy_flowers_1.png
stylized112.jpg,Apoidea,,trippy_flowers,1550167872992.jpg,trippy_flowers_1.png
stylized113.jpg,Apoidea,,trippy_flowers,1550054914774.jpg,trippy_flowers_3.jpg
stylized114.jpg,Apoidea,,trippy_flowers,1550391881949.jpg,trippy_flowers_0.jpeg
stylized115.jpg,Apoidea,,trippy_flowers,1550391917325.jpg,trippy_flowers_2.jpg
stylized116.jpg,Apoidea,,trippy_flowers,1549292512347.jpg,trippy_flowers_0.jpeg
stylized117.jpg,Apoidea,,trippy_flowers,1550330226586.jpg,trippy_flowers_3.jpg
stylized118.jpg,Apoidea,,trippy_flowers,56179ba3-c945-4d32-b524-294e9c9950e1.jpeg,trippy_flowers_1.png
stylized119.jpg,Apoidea,,trippy_flowers,1550002472205.jpg,trippy_flowers_2.jpg
stylized120.jpg,Apoidea,,trippy_flowers,1549965538176.jpg,trippy_flowers_1.png
stylized121.jpg,Elateroidea,,number_one,1558071876169.jpg,number_one_11.jpg
stylized122.jpg,Elateroidea,,number_one,e170295a-7cc3-4c6e-911f-ddb1ec48caa1.JPG,number_one_0.jpg
stylized123.jpg,Elateroidea,,number_one,1555778728569.jpg,number_one_10.jpg
stylized124.jpg,Elateroidea,,number_one,1558180062402.jpg,number_one_8.jpg
stylized125.jpg,Elateroidea,,number_one,1559809186257.jpg,number_one_8.jpg
stylized126.jpg,Elateroidea,,number_one,1556736250059.jpg,number_one_8.jpg
stylized127.jpg,Elateroidea,,number_one,1560458914619.jpg,number_one_6.jpg
stylized128.jpg,Elateroidea,,number_one,1556180048787.jpg,number_one_1.jpg
stylized129.jpg,Elateroidea,,number_one,1559677812886.jpg,number_one_1.jpg
stylized130.jpg,Elateroidea,,number_one,1558675516006.jpg,number_one_5.jpg
stylized131.jpg,Elateroidea,,number_one,1556736278341.jpg,number_one_0.jpg
stylized132.jpg,Elateroidea,,number_one,5f6d9657-8414-4576-a763-c95c6fd10d62.JPG,number_one_3.JPG
stylized133.jpg,Elateroidea,,number_one,1558254067515.jpg,number_one_6.jpg
stylized134.jpg,Elateroidea,,number_one,1558125939744.jpg,number_one_11.jpg
stylized135.jpg,Elateroidea,,number_one,1558099240817.jpg,number_one_0.jpg
stylized136.jpg,Elateroidea,,number_one,1560366746474.jpg,number_one_10.jpg
stylized137.jpg,Elateroidea,,number_one,1560283025353.jpg,number_one_2.jpg
stylized138.jpg,Elateroidea,,number_one,1559656805892.jpg,number_one_5.jpg
stylized139.jpg,Elateroidea,,number_one,1559247313033.jpg,number_one_4.jpeg
stylized140.jpg,Elateroidea,,number_one,1559742990928.jpg,number_one_0.jpg
stylized141.jpg,Elateroidea,,number_one,1558975740414.jpg,number_one_7.jpg
stylized142.jpg,Elateroidea,,number_one,0feb5620-223b-4f96-bf4b-b3fcf6e14f37.JPG,number_one_4.jpeg
stylized143.jpg,Elateroidea,,number_one,1556353203044.jpg,number_one_5.jpg
stylized144.jpg,Elateroidea,,number_one,1558030922819.jpg,number_one_2.jpg
stylized145.jpg,Elateroidea,,number_one,1558157394777.jpg,number_one_5.jpg
stylized146.jpg,Elateroidea,,number_one,1560462566097.jpg,number_one_2.jpg
stylized147.jpg,Elateroidea,,number_one,1558030901945.jpg,number_one_11.jpg
stylized148.jpg,Elateroidea,,number_one,1558022687426.jpg,number_one_3.JPG
stylized149.jpg,Elateroidea,,number_one,1558157412480.jpg,number_one_4.jpeg
stylized150.jpg,Elateroidea,,number_one,1558638790699.jpg,number_one_7.jpg
stylized151.jpg,Elateroidea,,number_one,1559483172898.jpg,number_one_0.jpg
stylized152.jpg,Elateroidea,,number_one,1557160286784.jpg,number_one_5.jpg
stylized153.jpg,Elateroidea,,number_one,1558623453430.jpg,number_one_9.jpg
stylized154.jpg,Elateroidea,,number_one,1559402775077.jpg,number_one_2.jpg
stylized155.jpg,Elateroidea,,number_one,1560619125158.jpg,number_one_11.jpg
stylized156.jpg,Elateroidea,,number_one,3a9dfd07-76f6-4c25-9079-b579e82e6dfe.JPG,number_one_8.jpg
stylized157.jpg,Elateroidea,,number_one,1558295463284.jpg,number_one_2.jpg
stylized158.jpg,Elateroidea,,number_one,1559283849386.jpg,number_one_10.jpg
stylized159.jpg,Elateroidea,,number_one,1559375896056.jpg,number_one_9.jpg
stylized160.jpg,Elateroidea,,number_one,0ba9cafd-7283-49b8-bfab-ca959db2392b.JPG,number_one_3.JPG
stylized161.jpg,Elateroidea,,autumn_leaves,1560585767933.jpg,autumn_leaves_4.jpeg
stylized162.jpg,Elateroidea,,autumn_leaves,1559656947300.jpg,autumn_leaves_1.jpg
stylized163.jpg,Elateroidea,,autumn_leaves,1556522502415.jpg,autumn_leaves_5.jpg
stylized164.jpg,Elateroidea,,autumn_leaves,1560702674425.jpg,autumn_leaves_8.jpg
stylized165.jpg,Elateroidea,,autumn_leaves,1558518754251.jpg,autumn_leaves_7.jpg
stylized166.jpg,Elateroidea,,autumn_leaves,1557498422387.jpg,autumn_leaves_5.jpg
stylized167.jpg,Elateroidea,,autumn_leaves,1560190241378.jpg,autumn_leaves_9.jpeg
stylized168.jpg,Elateroidea,,autumn_leaves,1557344024654.jpg,autumn_leaves_0.jpg
stylized169.jpg,Elateroidea,,autumn_leaves,1560586045226.jpg,autumn_leaves_8.jpg
stylized170.jpg,Elateroidea,,autumn_leaves,1559284786461.jpg,autumn_leaves_6.jpg
stylized171.jpg,Elateroidea,,autumn_leaves,1559806475455.jpg,autumn_leaves_6.jpg
stylized172.jpg,Elateroidea,,autumn_leaves,1560408801460.jpg,autumn_leaves_4.jpeg
stylized173.jpg,Elateroidea,,autumn_leaves,1558519028606.jpg,autumn_leaves_0.jpg
stylized174.jpg,Elateroidea,,autumn_leaves,1556008281247.jpg,autumn_leaves_1.jpg
stylized175.jpg,Elateroidea,,autumn_leaves,1559483194227.jpg,autumn_leaves_3.jpg
stylized176.jpg,Elateroidea,,autumn_leaves,1559743017877.jpg,autumn_leaves_6.jpg
stylized177.jpg,Elateroidea,,autumn_leaves,1557853547028.jpg,autumn_leaves_2.jpg
stylized178.jpg,Elateroidea,,autumn_leaves,1559900304113.jpg,autumn_leaves_4.jpeg
stylized179.jpg,Elateroidea,,autumn_leaves,1559483132062.jpg,autumn_leaves_3.jpg
stylized180.jpg,Elateroidea,,autumn_leaves,1558811045105.jpg,autumn_leaves_5.jpg
stylized181.jpg,Elateroidea,,autumn_leaves,1560066135441.jpg,autumn_leaves_0.jpg
stylized182.jpg,Elateroidea,,autumn_leaves,554522bc-b763-4205-b056-ca69158fb709.JPG,autumn_leaves_7.jpg
stylized183.jpg,Elateroidea,,autumn_leaves,1559129559659.jpg,autumn_leaves_8.jpg
stylized184.jpg,Elateroidea,,autumn_leaves,1558252534716.jpg,autumn_leaves_8.jpg
stylized185.jpg,Elateroidea,,autumn_leaves,1560094053027.jpg,autumn_leaves_0.jpg
stylized186.jpg,Elateroidea,,autumn_leaves,1559483216280.jpg,autumn_leaves_5.jpg
stylized187.jpg,Elateroidea,,autumn_leaves,1558098666511.jpg,autumn_leaves_9.jpeg
stylized188.jpg,Elateroidea,,autumn_leaves,1559656911004.jpg,autumn_leaves_3.jpg
stylized189.jpg,Elateroidea,,autumn_leaves,1557316322936.jpg,autumn_leaves_5.jpg
stylized190.jpg,Elateroidea,,autumn_leaves,1560585689015.jpg,autumn_leaves_8.jpg
stylized191.jpg,Elateroidea,,autumn_leaves,1560696650903.jpg,autumn_leaves_0.jpg
stylized192.jpg,Elateroidea,,autumn_leaves,1559667840434.jpg,autumn_leaves_8.jpg
stylized193.jpg,Elateroidea,,autumn_leaves,1557343196379.jpg,autumn_leaves_7.jpg
stylized194.jpg,Elateroidea,,autumn_leaves,1560371689407.jpg,autumn_leaves_6.jpg
stylized195.jpg,Elateroidea,,autumn_leaves,1558343121513.jpg,autumn_leaves_6.jpg
stylized196.jpg,Elateroidea,,autumn_leaves,7bc2a73b-f946-4670-8526-594ea728510d.JPG,autumn_leaves_0.jpg
stylized197.jpg,Elateroidea,,autumn_leaves,1aa56249-ebb8-4742-9fbb-ca2e4cecda1a.jpg,autumn_leaves_6.jpg
stylized198.jpg,Elateroidea,,autumn_leaves,1556111107084.jpg,autumn_leaves_7.jpg
stylized199.jpg,Elateroidea,,autumn_leaves,1556655166210.jpg,autumn_leaves_8.jpg
stylized200.jpg,Elateroidea,,autumn_leaves,1559834195351.jpg,autumn_leaves_9.jpeg
stylized201.jpg,Elateroidea,,trippy_flowers,1560607508595.jpg,trippy_flowers_1.png
stylized202.jpg,Elateroidea,,trippy_flowers,1557846214413.jpg,trippy_flowers_2.jpg
stylized203.jpg,Elateroidea,,trippy_flowers,426328ee-88a0-47cd-bacd-68f1481556ed.JPG,trippy_flowers_2.jpg
stylized204.jpg,Elateroidea,,trippy_flowers,1559115003923.jpg,trippy_flowers_2.jpg
stylized205.jpg,Elateroidea,,trippy_flowers,1558541961699.jpg,trippy_flowers_1.png
stylized206.jpg,Elateroidea,,trippy_flowers,1559034102921.jpg,trippy_flowers_3.jpg
stylized207.jpg,Elateroidea,,trippy_flowers,1559143219424.jpg,trippy_flowers_3.jpg
stylized208.jpg,Elateroidea,,trippy_flowers,1557411783433.jpg,trippy_flowers_3.jpg
stylized209.jpg,Elateroidea,,trippy_flowers,1557586230284.jpg,trippy_flowers_1.png
stylized210.jpg,Elateroidea,,trippy_flowers,c728e461-0709-43a3-b159-749ffb025409.JPG,trippy_flowers_1.png
stylized211.jpg,Elateroidea,,trippy_flowers,1557674345977.jpg,trippy_flowers_1.png
stylized212.jpg,Elateroidea,,trippy_flowers,1558803338562.jpg,trippy_flowers_2.jpg
stylized213.jpg,Elateroidea,,trippy_flowers,1560349855400.jpg,trippy_flowers_1.png
stylized214.jpg,Elateroidea,,trippy_flowers,1555942983530.jpg,trippy_flowers_1.png
stylized215.jpg,Elateroidea,,trippy_flowers,1558096673928.jpg,trippy_flowers_2.jpg
stylized216.jpg,Elateroidea,,trippy_flowers,1558717420915.jpg,trippy_flowers_2.jpg
stylized217.jpg,Elateroidea,,trippy_flowers,1557384710923.jpg,trippy_flowers_1.png
stylized218.jpg,Elateroidea,,trippy_flowers,1559745490612.jpg,trippy_flowers_1.png
stylized219.jpg,Elateroidea,,trippy_flowers,1558024626036.jpg,trippy_flowers_0.jpeg
stylized220.jpg,Elateroidea,,trippy_flowers,1560684687248.jpg,trippy_flowers_3.jpg
stylized221.jpg,Elateroidea,,trippy_flowers,1559896532523.jpg,trippy_flowers_1.png
stylized222.jpg,Elateroidea,,trippy_flowers,1558675371985.jpg,trippy_flowers_3.jpg
stylized223.jpg,Elateroidea,,trippy_flowers,1559128682405.jpg,trippy_flowers_1.png
stylized224.jpg,Elateroidea,,trippy_flowers,1557580676060.jpg,trippy_flowers_1.png
stylized225.jpg,Elateroidea,,trippy_flowers,ebcad665-8138-4eaf-9433-0271dfde1009.jpg,trippy_flowers_0.jpeg
stylized226.jpg,Elateroidea,,trippy_flowers,1560367251644.jpg,trippy_flowers_0.jpeg
stylized227.jpg,Elateroidea,,trippy_flowers,1558708377053.jpg,trippy_flowers_3.jpg
stylized228.jpg,Elateroidea,,trippy_flowers,1558248760934.jpg,trippy_flowers_2.jpg
stylized229.jpg,Elateroidea,,trippy_flowers,1560581759136.jpg,trippy_flowers_2.jpg
stylized230.jpg,Elateroidea,,trippy_flowers,1557588338365.jpg,trippy_flowers_0.jpeg
stylized231.jpg,Elateroidea,,trippy_flowers,1556967166957.jpg,trippy_flowers_2.jpg
stylized232.jpg,Elateroidea,,trippy_flowers,e1f97a0b-3da7-46f6-847a-c097fff069cb.jpg,trippy_flowers_2.jpg
stylized233.jpg,Elateroidea,,trippy_flowers,267a378b-316b-4245-9064-7ff82ff67785.JPG,trippy_flowers_0.jpeg
stylized234.jpg,Elateroidea,,trippy_flowers,904e8246-d1ff-4bb9-a38d-66717519f303.JPG,trippy_flowers_2.jpg
stylized235.jpg,Elateroidea,,trippy_flowers,1558972387271.jpg,trippy_flowers_2.jpg
stylized236.jpg,Elateroidea,,trippy_flowers,43b0064e-1e39-4dbb-9cf8-0c6afcbb9f6c.jpg,trippy_flowers_0.jpeg
stylized237.jpg,Elateroidea,,trippy_flowers,1556189133570.jpg,trippy_flowers_1.png
stylized238.jpg,Elateroidea,,trippy_flowers,1558519056847.jpg,trippy_flowers_2.jpg
stylized239.jpg,Elateroidea,,trippy_flowers,1560069825667.jpg,trippy_flowers_2.jpg
stylized240.jpg,Elateroidea,,trippy_flowers,1557573724079.jpg,trippy_flowers_2.jpg
stylized241.jpg,Tenthredinoidea,,number_one,1557002424501.jpg,number_one_2.jpg
stylized242.jpg,Tenthredinoidea,,number_one,1555095715127.jpg,number_one_3.JPG
stylized243.jpg,Tenthredinoidea,,number_one,1558761323428.jpg,number_one_10.jpg
stylized244.jpg,Tenthredinoidea,,number_one,1558676214487.jpg,number_one_1.jpg
stylized245.jpg,Tenthredinoidea,,number_one,1557421880814.jpg,number_one_2.jpg
stylized246.jpg,Tenthredinoidea,,number_one,1558248602330.jpg,number_one_7.jpg
stylized247.jpg,Tenthredinoidea,,number_one,1554917856477.jpg,number_one_7.jpg
stylized248.jpg,Tenthredinoidea,,number_one,1559630957888.jpg,number_one_10.jpg
stylized249.jpg,Tenthredinoidea,,number_one,1558706572008.jpg,number_one_8.jpg
stylized250.jpg,Tenthredinoidea,,number_one,1556380447007.jpg,number_one_11.jpg
stylized251.jpg,Tenthredinoidea,,number_one,1558637120884.jpg,number_one_1.jpg
stylized252.jpg,Tenthredinoidea,,number_one,1557756550563.jpg,number_one_0.jpg
stylized253.jpg,Tenthredinoidea,,number_one,1554899795890.jpg,number_one_4.jpeg
stylized254.jpg,Tenthredinoidea,,number_one,1558253564407.jpg,number_one_6.jpg
stylized255.jpg,Tenthredinoidea,,number_one,1558093044589.jpg,number_one_4.jpeg
stylized256.jpg,Tenthredinoidea,,number_one,1558188411284.jpg,number_one_0.jpg
stylized257.jpg,Tenthredinoidea,,number_one,1558295157979.jpg,number_one_9.jpg
stylized258.jpg,Tenthredinoidea,,number_one,1555149827011.jpg,number_one_8.jpg
stylized259.jpg,Tenthredinoidea,,number_one,1559022858249.jpg,number_one_6.jpg
stylized260.jpg,Tenthredinoidea,,number_one,1558072809479.jpg,number_one_0.jpg
stylized261.jpg,Tenthredinoidea,,number_one,1557646424257.jpg,number_one_7.jpg
stylized262.jpg,Tenthredinoidea,,number_one,1558715775235.jpg,number_one_5.jpg
stylized263.jpg,Tenthredinoidea,,number_one,1559998392984.jpg,number_one_9.jpg
stylized264.jpg,Tenthredinoidea,,number_one,1556736189370.jpg,number_one_10.jpg
stylized265.jpg,Tenthredinoidea,,number_one,1559023506569.jpg,number_one_0.jpg
stylized266.jpg,Tenthredinoidea,,number_one,1557816563036.jpg,number_one_0.jpg
stylized267.jpg,Tenthredinoidea,,number_one,1555429555493.jpg,number_one_0.jpg
stylized268.jpg,Tenthredinoidea,,number_one,1557207053671.jpg,number_one_3.JPG
stylized269.jpg,Tenthredinoidea,,number_one,1559128287311.jpg,number_one_9.jpg
stylized270.jpg,Tenthredinoidea,,number_one,1557207089725.jpg,number_one_2.jpg
stylized271.jpg,Tenthredinoidea,,number_one,1559114667509.jpg,number_one_6.jpg
stylized272.jpg,Tenthredinoidea,,number_one,1557208596305.jpg,number_one_1.jpg
stylized273.jpg,Tenthredinoidea,,number_one,1559128255338.jpg,number_one_9.jpg
stylized274.jpg,Tenthredinoidea,,number_one,1557568227567.jpg,number_one_3.JPG
stylized275.jpg,Tenthredinoidea,,number_one,1558813612858.jpg,number_one_5.jpg
stylized276.jpg,Tenthredinoidea,,number_one,1559479179073.jpg,number_one_8.jpg
stylized277.jpg,Tenthredinoidea,,number_one,1558764106489.jpg,number_one_10.jpg
stylized278.jpg,Tenthredinoidea,,number_one,1559567460276.jpg,number_one_0.jpg
stylized279.jpg,Tenthredinoidea,,number_one,1559022876474.jpg,number_one_4.jpeg
stylized280.jpg,Tenthredinoidea,,number_one,1555002544532.jpg,number_one_9.jpg
stylized281.jpg,Tenthredinoidea,,autumn_leaves,1558591406978.jpg,autumn_leaves_8.jpg
stylized282.jpg,Tenthredinoidea,,autumn_leaves,1558188442089.jpg,autumn_leaves_6.jpg
stylized283.jpg,Tenthredinoidea,,autumn_leaves,1556708784120.jpg,autumn_leaves_9.jpeg
stylized284.jpg,Tenthredinoidea,,autumn_leaves,1554902116358.jpg,autumn_leaves_2.jpg
stylized285.jpg,Tenthredinoidea,,autumn_leaves,1559116170262.jpg,autumn_leaves_4.jpeg
stylized286.jpg,Tenthredinoidea,,autumn_leaves,1559743979764.jpg,autumn_leaves_2.jpg
stylized287.jpg,Tenthredinoidea,,autumn_leaves,1555006977861.jpg,autumn_leaves_1.jpg
stylized288.jpg,Tenthredinoidea,,autumn_leaves,1557523138634.jpg,autumn_leaves_1.jpg
stylized289.jpg,Tenthredinoidea,,autumn_leaves,1558638366773.jpg,autumn_leaves_7.jpg
stylized290.jpg,Tenthredinoidea,,autumn_leaves,1557589378449.jpg,autumn_leaves_4.jpeg
stylized291.jpg,Tenthredinoidea,,autumn_leaves,1555537622141.jpg,autumn_leaves_1.jpg
stylized292.jpg,Tenthredinoidea,,autumn_leaves,1559509173907.jpg,autumn_leaves_5.jpg
stylized293.jpg,Tenthredinoidea,,autumn_leaves,1555235404089.jpg,autumn_leaves_8.jpg
stylized294.jpg,Tenthredinoidea,,autumn_leaves,1556999744384.jpg,autumn_leaves_3.jpg
stylized295.jpg,Tenthredinoidea,,autumn_leaves,1558385147447.jpg,autumn_leaves_3.jpg
stylized296.jpg,Tenthredinoidea,,autumn_leaves,1559474570577.jpg,autumn_leaves_8.jpg
stylized297.jpg,Tenthredinoidea,,autumn_leaves,1555831173723.jpg,autumn_leaves_2.jpg
stylized298.jpg,Tenthredinoidea,,autumn_leaves,1556708812769.jpg,autumn_leaves_0.jpg
stylized299.jpg,Tenthredinoidea,,autumn_leaves,1558763205843.jpg,autumn_leaves_6.jpg
stylized300.jpg,Tenthredinoidea,,autumn_leaves,1558072788129.jpg,autumn_leaves_1.jpg
stylized301.jpg,Tenthredinoidea,,autumn_leaves,1560074046992.jpg,autumn_leaves_1.jpg
stylized302.jpg,Tenthredinoidea,,autumn_leaves,1557303720491.jpg,autumn_leaves_5.jpg
stylized303.jpg,Tenthredinoidea,,autumn_leaves,1556212426825.jpg,autumn_leaves_2.jpg
stylized304.jpg,Tenthredinoidea,,autumn_leaves,1558126556559.jpg,autumn_leaves_6.jpg
stylized305.jpg,Tenthredinoidea,,autumn_leaves,1558762532231.jpg,autumn_leaves_3.jpg
stylized306.jpg,Tenthredinoidea,,autumn_leaves,1559630973571.jpg,autumn_leaves_1.jpg
stylized307.jpg,Tenthredinoidea,,autumn_leaves,1557757495048.jpg,autumn_leaves_5.jpg
stylized308.jpg,Tenthredinoidea,,autumn_leaves,1558092548349.jpg,autumn_leaves_3.jpg
stylized309.jpg,Tenthredinoidea,,autumn_leaves,1559300813432.jpg,autumn_leaves_9.jpeg
stylized310.jpg,Tenthredinoidea,,autumn_leaves,1559509219335.jpg,autumn_leaves_1.jpg
stylized311.jpg,Tenthredinoidea,,autumn_leaves,1558388467795.jpg,autumn_leaves_4.jpeg
stylized312.jpg,Tenthredinoidea,,autumn_leaves,1557250264379.jpg,autumn_leaves_5.jpg
stylized313.jpg,Tenthredinoidea,,autumn_leaves,1559474612384.jpg,autumn_leaves_5.jpg
stylized314.jpg,Tenthredinoidea,,autumn_leaves,1557345051752.jpg,autumn_leaves_0.jpg
stylized315.jpg,Tenthredinoidea,,autumn_leaves,1557208669091.jpg,autumn_leaves_5.jpg
stylized316.jpg,Tenthredinoidea,,autumn_leaves,1558385182941.jpg,autumn_leaves_3.jpg
stylized317.jpg,Tenthredinoidea,,autumn_leaves,1558030839632.jpg,autumn_leaves_5.jpg
stylized318.jpg,Tenthredinoidea,,autumn_leaves,1557207011093.jpg,autumn_leaves_3.jpg
stylized319.jpg,Tenthredinoidea,,autumn_leaves,1558676231439.jpg,autumn_leaves_1.jpg
stylized320.jpg,Tenthredinoidea,,autumn_leaves,1558287415125.jpg,autumn_leaves_1.jpg
stylized321.jpg,Tenthredinoidea,,trippy_flowers,1555947381543.jpg,trippy_flowers_1.png
stylized322.jpg,Tenthredinoidea,,trippy_flowers,1558253590971.jpg,trippy_flowers_2.jpg
stylized323.jpg,Tenthredinoidea,,trippy_flowers,1559982500724.jpg,trippy_flowers_3.jpg
stylized324.jpg,Tenthredinoidea,,trippy_flowers,1559479206803.jpg,trippy_flowers_1.png
stylized325.jpg,Tenthredinoidea,,trippy_flowers,1560069774604.jpg,trippy_flowers_0.jpeg
stylized326.jpg,Tenthredinoidea,,trippy_flowers,1559129392704.jpg,trippy_flowers_0.jpeg
stylized327.jpg,Tenthredinoidea,,trippy_flowers,1555680025095.jpg,trippy_flowers_2.jpg
stylized328.jpg,Tenthredinoidea,,trippy_flowers,1558253532938.jpg,trippy_flowers_0.jpeg
stylized329.jpg,Tenthredinoidea,,trippy_flowers,1559116134228.jpg,trippy_flowers_3.jpg
stylized330.jpg,Tenthredinoidea,,trippy_flowers,1556294072124.jpg,trippy_flowers_3.jpg
stylized331.jpg,Tenthredinoidea,,trippy_flowers,1558281469750.jpg,trippy_flowers_0.jpeg
stylized332.jpg,Tenthredinoidea,,trippy_flowers,1558092457024.jpg,trippy_flowers_3.jpg
stylized333.jpg,Tenthredinoidea,,trippy_flowers,1558715896178.jpg,trippy_flowers_3.jpg
stylized334.jpg,Tenthredinoidea,,trippy_flowers,1558178960029.jpg,trippy_flowers_1.png
stylized335.jpg,Tenthredinoidea,,trippy_flowers,1554899760356.jpg,trippy_flowers_3.jpg
stylized336.jpg,Tenthredinoidea,,trippy_flowers,1559630985391.jpg,trippy_flowers_1.png
stylized337.jpg,Tenthredinoidea,,trippy_flowers,1556615088809.jpg,trippy_flowers_2.jpg
stylized338.jpg,Tenthredinoidea,,trippy_flowers,1559474656017.jpg,trippy_flowers_1.png
stylized339.jpg,Tenthredinoidea,,trippy_flowers,1559107485719.jpg,trippy_flowers_2.jpg
stylized340.jpg,Tenthredinoidea,,trippy_flowers,1556032086262.jpg,trippy_flowers_1.png
stylized341.jpg,Tenthredinoidea,,trippy_flowers,1559054530226.jpg,trippy_flowers_3.jpg
stylized342.jpg,Tenthredinoidea,,trippy_flowers,1555832462024.jpg,trippy_flowers_1.png
stylized343.jpg,Tenthredinoidea,,trippy_flowers,1559022830230.jpg,trippy_flowers_1.png
stylized344.jpg,Tenthredinoidea,,trippy_flowers,1559128313786.jpg,trippy_flowers_1.png
stylized345.jpg,Tenthredinoidea,,trippy_flowers,1559116183428.jpg,trippy_flowers_1.png
stylized346.jpg,Tenthredinoidea,,trippy_flowers,1559389457643.jpg,trippy_flowers_3.jpg
stylized347.jpg,Tenthredinoidea,,trippy_flowers,1556294939210.jpg,trippy_flowers_2.jpg
stylized348.jpg,Tenthredinoidea,,trippy_flowers,1557845773159.jpg,trippy_flowers_1.png
stylized349.jpg,Tenthredinoidea,,trippy_flowers,1558092447035.jpg,trippy_flowers_0.jpeg
stylized350.jpg,Tenthredinoidea,,trippy_flowers,1557206971940.jpg,trippy_flowers_0.jpeg
stylized351.jpg,Tenthredinoidea,,trippy_flowers,1557949564958.jpg,trippy_flowers_3.jpg
stylized352.jpg,Tenthredinoidea,,trippy_flowers,1559657784888.jpg,trippy_flowers_3.jpg
stylized353.jpg,Tenthredinoidea,,trippy_flowers,1559129360443.jpg,trippy_flowers_1.png
stylized354.jpg,Tenthredinoidea,,trippy_flowers,1558761302906.jpg,trippy_flowers_3.jpg
stylized355.jpg,Tenthredinoidea,,trippy_flowers,1559284484728.jpg,trippy_flowers_0.jpeg
stylized356.jpg,Tenthredinoidea,,trippy_flowers,1558126511883.jpg,trippy_flowers_0.jpeg
stylized357.jpg,Tenthredinoidea,,trippy_flowers,1557422099556.jpg,trippy_flowers_0.jpeg
stylized358.jpg,Tenthredinoidea,,trippy_flowers,1558519678842.jpg,trippy_flowers_2.jpg
stylized359.jpg,Tenthredinoidea,,trippy_flowers,1557986991352.jpg,trippy_flowers_1.png
stylized360.jpg,Tenthredinoidea,,trippy_flowers,1557573570993.jpg,trippy_flowers_0.jpeg
