,ORIG_CATEGORY_FILE,CATEGORY,STYLE,ORIG_STYLE_FILE,FILE_NAME,SUPER_CATEGORY
0,1550216404322.jpg,Apoidea,number_one,number_one_11.jpg,stylized1.jpg,
1,d908a772-26bf-430d-95da-fc6a4a3d92c4.jpeg,Apoidea,number_one,number_one_3.JPG,stylized2.jpg,
2,1549279436989.jpg,Apoidea,number_one,number_one_7.jpg,stylized3.jpg,
3,1549432435952.jpg,Apoidea,number_one,number_one_5.jpg,stylized4.jpg,
4,1550008717027.jpg,Apoidea,number_one,number_one_2.jpg,stylized5.jpg,
5,1549432385861.jpg,Apoidea,number_one,number_one_2.jpg,stylized6.jpg,
6,1548747446541.jpg,Apoidea,number_one,number_one_5.jpg,stylized7.jpg,
7,1548777859648.jpg,Apoidea,number_one,number_one_10.jpg,stylized8.jpg,
8,1549270132859.jpg,Apoidea,number_one,number_one_6.jpg,stylized9.jpg,
9,1550391902439.jpg,Apoidea,number_one,number_one_10.jpg,stylized10.jpg,
10,1550167893827.jpg,Apoidea,number_one,number_one_4.jpeg,stylized11.jpg,
11,1550007228977.jpg,Apoidea,number_one,number_one_6.jpg,stylized12.jpg,
12,1549894711075.jpg,Apoidea,number_one,number_one_7.jpg,stylized13.jpg,
13,1549487369318.jpg,Apoidea,number_one,number_one_1.jpg,stylized14.jpg,
14,1549432707458.jpg,Apoidea,number_one,number_one_11.jpg,stylized15.jpg,
15,1550392908484.jpg,Apoidea,number_one,number_one_10.jpg,stylized16.jpg,
16,1547538910866.jpg,Apoidea,number_one,number_one_5.jpg,stylized17.jpg,
17,1549358704131.jpg,Apoidea,number_one,number_one_2.jpg,stylized18.jpg,
18,1550314924962.jpg,Apoidea,number_one,number_one_4.jpeg,stylized19.jpg,
19,1549605011244.jpg,Apoidea,number_one,number_one_7.jpg,stylized20.jpg,
20,1549485191165.jpg,Apoidea,number_one,number_one_10.jpg,stylized21.jpg,
21,1547541324207.jpg,Apoidea,number_one,number_one_9.jpg,stylized22.jpg,
22,1546368458535.jpg,Apoidea,number_one,number_one_8.jpg,stylized23.jpg,
23,1549875089480.jpg,Apoidea,number_one,number_one_3.JPG,stylized24.jpg,
24,1550391931664.jpg,Apoidea,number_one,number_one_6.jpg,stylized25.jpg,
25,1560495328588.jpg,Apoidea,number_one,number_one_9.jpg,stylized26.jpg,
26,1550401327154.jpg,Apoidea,number_one,number_one_6.jpg,stylized27.jpg,
27,1550122803802.jpg,Apoidea,number_one,number_one_2.jpg,stylized28.jpg,
28,1550131181543.jpg,Apoidea,number_one,number_one_5.jpg,stylized29.jpg,
29,1550083265148.jpg,Apoidea,number_one,number_one_2.jpg,stylized30.jpg,
30,1550046356477.jpg,Apoidea,number_one,number_one_6.jpg,stylized31.jpg,
31,1549487329166.jpg,Apoidea,number_one,number_one_0.jpg,stylized32.jpg,
32,1550420618472.jpg,Apoidea,number_one,number_one_10.jpg,stylized33.jpg,
33,1546531453328.jpg,Apoidea,number_one,number_one_10.jpg,stylized34.jpg,
34,1547530173733.jpg,Apoidea,number_one,number_one_5.jpg,stylized35.jpg,
35,1550391890869.jpg,Apoidea,number_one,number_one_10.jpg,stylized36.jpg,
36,1549875444743.jpg,Apoidea,number_one,number_one_7.jpg,stylized37.jpg,
37,1550333744797.jpg,Apoidea,number_one,number_one_3.JPG,stylized38.jpg,
38,1550388758829.jpg,Apoidea,number_one,number_one_2.jpg,stylized39.jpg,
39,1550051209602.jpg,Apoidea,number_one,number_one_9.jpg,stylized40.jpg,
40,1549560913057.jpg,Apoidea,autumn_leaves,autumn_leaves_8.jpg,stylized41.jpg,
41,1550167857489.jpg,Apoidea,autumn_leaves,autumn_leaves_8.jpg,stylized42.jpg,
42,1550083284174.jpg,Apoidea,autumn_leaves,autumn_leaves_7.jpg,stylized43.jpg,
43,1550401318356.jpg,Apoidea,autumn_leaves,autumn_leaves_1.jpg,stylized44.jpg,
44,1550131170241.jpg,Apoidea,autumn_leaves,autumn_leaves_1.jpg,stylized45.jpg,
45,1550158758021.jpg,Apoidea,autumn_leaves,autumn_leaves_6.jpg,stylized46.jpg,
46,1550764131184.jpg,Apoidea,autumn_leaves,autumn_leaves_4.jpeg,stylized47.jpg,
47,1549381230219.jpg,Apoidea,autumn_leaves,autumn_leaves_6.jpg,stylized48.jpg,
48,1550046368471.jpg,Apoidea,autumn_leaves,autumn_leaves_7.jpg,stylized49.jpg,
49,1549432417231.jpg,Apoidea,autumn_leaves,autumn_leaves_8.jpg,stylized50.jpg,
50,1547444403808.jpg,Apoidea,autumn_leaves,autumn_leaves_5.jpg,stylized51.jpg,
51,1550122422760.jpg,Apoidea,autumn_leaves,autumn_leaves_5.jpg,stylized52.jpg,
52,1550388750336.jpg,Apoidea,autumn_leaves,autumn_leaves_7.jpg,stylized53.jpg,
53,1549467937129.jpg,Apoidea,autumn_leaves,autumn_leaves_4.jpeg,stylized54.jpg,
54,1550147730071.jpg,Apoidea,autumn_leaves,autumn_leaves_9.jpeg,stylized55.jpg,
55,1550350926681.jpg,Apoidea,autumn_leaves,autumn_leaves_5.jpg,stylized56.jpg,
56,1549894347095.jpg,Apoidea,autumn_leaves,autumn_leaves_5.jpg,stylized57.jpg,
57,1546422397766.jpg,Apoidea,autumn_leaves,autumn_leaves_3.jpg,stylized58.jpg,
58,1546592102172.jpg,Apoidea,autumn_leaves,autumn_leaves_8.jpg,stylized59.jpg,
59,1550355291772.jpg,Apoidea,autumn_leaves,autumn_leaves_1.jpg,stylized60.jpg,
60,1550083222658.jpg,Apoidea,autumn_leaves,autumn_leaves_4.jpeg,stylized61.jpg,
61,1549604964712.jpg,Apoidea,autumn_leaves,autumn_leaves_7.jpg,stylized62.jpg,
62,1547799292215.jpg,Apoidea,autumn_leaves,autumn_leaves_0.jpg,stylized63.jpg,
63,1547444347549.jpg,Apoidea,autumn_leaves,autumn_leaves_0.jpg,stylized64.jpg,
64,1549604995734.jpg,Apoidea,autumn_leaves,autumn_leaves_6.jpg,stylized65.jpg,
65,1549819381910.jpg,Apoidea,autumn_leaves,autumn_leaves_9.jpeg,stylized66.jpg,
66,1550238926105.jpg,Apoidea,autumn_leaves,autumn_leaves_0.jpg,stylized67.jpg,
67,1549467915842.jpg,Apoidea,autumn_leaves,autumn_leaves_8.jpg,stylized68.jpg,
68,1549875398272.jpg,Apoidea,autumn_leaves,autumn_leaves_6.jpg,stylized69.jpg,
69,1548692281479.jpg,Apoidea,autumn_leaves,autumn_leaves_2.jpg,stylized70.jpg,
70,1550132352220.jpg,Apoidea,autumn_leaves,autumn_leaves_3.jpg,stylized71.jpg,
71,1546593638280.jpg,Apoidea,autumn_leaves,autumn_leaves_7.jpg,stylized72.jpg,
72,1548181221652.jpg,Apoidea,autumn_leaves,autumn_leaves_9.jpeg,stylized73.jpg,
73,1546368442707.jpg,Apoidea,autumn_leaves,autumn_leaves_7.jpg,stylized74.jpg,
74,1550122367014.jpg,Apoidea,autumn_leaves,autumn_leaves_0.jpg,stylized75.jpg,
75,1550388770134.jpg,Apoidea,autumn_leaves,autumn_leaves_1.jpg,stylized76.jpg,
76,1547446031333.jpg,Apoidea,autumn_leaves,autumn_leaves_2.jpg,stylized77.jpg,
77,1547831285467.jpg,Apoidea,autumn_leaves,autumn_leaves_6.jpg,stylized78.jpg,
78,1550315041206.jpg,Apoidea,autumn_leaves,autumn_leaves_3.jpg,stylized79.jpg,
79,1549617293156.jpg,Apoidea,autumn_leaves,autumn_leaves_4.jpeg,stylized80.jpg,
80,1549432726375.jpg,Apoidea,trippy_flowers,trippy_flowers_0.jpeg,stylized81.jpg,
81,1550402625639.jpg,Apoidea,trippy_flowers,trippy_flowers_0.jpeg,stylized82.jpg,
82,1550348859575.jpg,Apoidea,trippy_flowers,trippy_flowers_0.jpeg,stylized83.jpg,
83,1550133947658.jpg,Apoidea,trippy_flowers,trippy_flowers_1.png,stylized84.jpg,
84,1560496068793.jpg,Apoidea,trippy_flowers,trippy_flowers_0.jpeg,stylized85.jpg,
85,1550163725682.jpg,Apoidea,trippy_flowers,trippy_flowers_3.jpg,stylized86.jpg,
86,1550216394191.jpg,Apoidea,trippy_flowers,trippy_flowers_0.jpeg,stylized87.jpg,
87,1548181234563.jpg,Apoidea,trippy_flowers,trippy_flowers_2.jpg,stylized88.jpg,
88,1550167915776.jpg,Apoidea,trippy_flowers,trippy_flowers_1.png,stylized89.jpg,
89,1550085848247.jpg,Apoidea,trippy_flowers,trippy_flowers_0.jpeg,stylized90.jpg,
90,1550220165214.jpg,Apoidea,trippy_flowers,trippy_flowers_1.png,stylized91.jpg,
91,1550046348312.jpg,Apoidea,trippy_flowers,trippy_flowers_0.jpeg,stylized92.jpg,
92,1547885309168.jpg,Apoidea,trippy_flowers,trippy_flowers_1.png,stylized93.jpg,
93,1550085870626.jpg,Apoidea,trippy_flowers,trippy_flowers_0.jpeg,stylized94.jpg,
94,1548450902686.jpg,Apoidea,trippy_flowers,trippy_flowers_2.jpg,stylized95.jpg,
95,1549605031395.jpg,Apoidea,trippy_flowers,trippy_flowers_1.png,stylized96.jpg,
96,1550053940239.jpg,Apoidea,trippy_flowers,trippy_flowers_0.jpeg,stylized97.jpg,
97,1547444377158.jpg,Apoidea,trippy_flowers,trippy_flowers_0.jpeg,stylized98.jpg,
98,1550238970322.jpg,Apoidea,trippy_flowers,trippy_flowers_2.jpg,stylized99.jpg,
99,1549272913897.jpg,Apoidea,trippy_flowers,trippy_flowers_0.jpeg,stylized100.jpg,
100,1550330250547.jpg,Apoidea,trippy_flowers,trippy_flowers_2.jpg,stylized101.jpg,
101,1549272904911.jpg,Apoidea,trippy_flowers,trippy_flowers_3.jpg,stylized102.jpg,
102,1550122825834.jpg,Apoidea,trippy_flowers,trippy_flowers_2.jpg,stylized103.jpg,
103,1549875510331.jpg,Apoidea,trippy_flowers,trippy_flowers_1.png,stylized104.jpg,
104,1550220157747.jpg,Apoidea,trippy_flowers,trippy_flowers_2.jpg,stylized105.jpg,
105,1550356359626.jpg,Apoidea,trippy_flowers,trippy_flowers_1.png,stylized106.jpg,
106,1550086091379.jpg,Apoidea,trippy_flowers,trippy_flowers_0.jpeg,stylized107.jpg,
107,1549618858731.jpg,Apoidea,trippy_flowers,trippy_flowers_0.jpeg,stylized108.jpg,
108,1550122336721.jpg,Apoidea,trippy_flowers,trippy_flowers_3.jpg,stylized109.jpg,
109,1549560830835.jpg,Apoidea,trippy_flowers,trippy_flowers_1.png,stylized110.jpg,
110,1550392917349.jpg,Apoidea,trippy_flowers,trippy_flowers_1.png,stylized111.jpg,
111,1550167872992.jpg,Apoidea,trippy_flowers,trippy_flowers_1.png,stylized112.jpg,
112,1550054914774.jpg,Apoidea,trippy_flowers,trippy_flowers_3.jpg,stylized113.jpg,
113,1550391881949.jpg,Apoidea,trippy_flowers,trippy_flowers_0.jpeg,stylized114.jpg,
114,1550391917325.jpg,Apoidea,trippy_flowers,trippy_flowers_2.jpg,stylized115.jpg,
115,1549292512347.jpg,Apoidea,trippy_flowers,trippy_flowers_0.jpeg,stylized116.jpg,
116,1550330226586.jpg,Apoidea,trippy_flowers,trippy_flowers_3.jpg,stylized117.jpg,
117,56179ba3-c945-4d32-b524-294e9c9950e1.jpeg,Apoidea,trippy_flowers,trippy_flowers_1.png,stylized118.jpg,
118,1550002472205.jpg,Apoidea,trippy_flowers,trippy_flowers_2.jpg,stylized119.jpg,
119,1549965538176.jpg,Apoidea,trippy_flowers,trippy_flowers_1.png,stylized120.jpg,
120,1558071876169.jpg,Elateroidea,number_one,number_one_11.jpg,stylized121.jpg,
121,e170295a-7cc3-4c6e-911f-ddb1ec48caa1.JPG,Elateroidea,number_one,number_one_0.jpg,stylized122.jpg,
122,1555778728569.jpg,Elateroidea,number_one,number_one_10.jpg,stylized123.jpg,
123,1558180062402.jpg,Elateroidea,number_one,number_one_8.jpg,stylized124.jpg,
124,1559809186257.jpg,Elateroidea,number_one,number_one_8.jpg,stylized125.jpg,
125,1556736250059.jpg,Elateroidea,number_one,number_one_8.jpg,stylized126.jpg,
126,1560458914619.jpg,Elateroidea,number_one,number_one_6.jpg,stylized127.jpg,
127,1556180048787.jpg,Elateroidea,number_one,number_one_1.jpg,stylized128.jpg,
128,1559677812886.jpg,Elateroidea,number_one,number_one_1.jpg,stylized129.jpg,
129,1558675516006.jpg,Elateroidea,number_one,number_one_5.jpg,stylized130.jpg,
130,1556736278341.jpg,Elateroidea,number_one,number_one_0.jpg,stylized131.jpg,
131,5f6d9657-8414-4576-a763-c95c6fd10d62.JPG,Elateroidea,number_one,number_one_3.JPG,stylized132.jpg,
132,1558254067515.jpg,Elateroidea,number_one,number_one_6.jpg,stylized133.jpg,
133,1558125939744.jpg,Elateroidea,number_one,number_one_11.jpg,stylized134.jpg,
134,1558099240817.jpg,Elateroidea,number_one,number_one_0.jpg,stylized135.jpg,
135,1560366746474.jpg,Elateroidea,number_one,number_one_10.jpg,stylized136.jpg,
136,1560283025353.jpg,Elateroidea,number_one,number_one_2.jpg,stylized137.jpg,
137,1559656805892.jpg,Elateroidea,number_one,number_one_5.jpg,stylized138.jpg,
138,1559247313033.jpg,Elateroidea,number_one,number_one_4.jpeg,stylized139.jpg,
139,1559742990928.jpg,Elateroidea,number_one,number_one_0.jpg,stylized140.jpg,
140,1558975740414.jpg,Elateroidea,number_one,number_one_7.jpg,stylized141.jpg,
141,0feb5620-223b-4f96-bf4b-b3fcf6e14f37.JPG,Elateroidea,number_one,number_one_4.jpeg,stylized142.jpg,
142,1556353203044.jpg,Elateroidea,number_one,number_one_5.jpg,stylized143.jpg,
143,1558030922819.jpg,Elateroidea,number_one,number_one_2.jpg,stylized144.jpg,
144,1558157394777.jpg,Elateroidea,number_one,number_one_5.jpg,stylized145.jpg,
145,1560462566097.jpg,Elateroidea,number_one,number_one_2.jpg,stylized146.jpg,
146,1558030901945.jpg,Elateroidea,number_one,number_one_11.jpg,stylized147.jpg,
147,1558022687426.jpg,Elateroidea,number_one,number_one_3.JPG,stylized148.jpg,
148,1558157412480.jpg,Elateroidea,number_one,number_one_4.jpeg,stylized149.jpg,
149,1558638790699.jpg,Elateroidea,number_one,number_one_7.jpg,stylized150.jpg,
150,1559483172898.jpg,Elateroidea,number_one,number_one_0.jpg,stylized151.jpg,
151,1557160286784.jpg,Elateroidea,number_one,number_one_5.jpg,stylized152.jpg,
152,1558623453430.jpg,Elateroidea,number_one,number_one_9.jpg,stylized153.jpg,
153,1559402775077.jpg,Elateroidea,number_one,number_one_2.jpg,stylized154.jpg,
154,1560619125158.jpg,Elateroidea,number_one,number_one_11.jpg,stylized155.jpg,
155,3a9dfd07-76f6-4c25-9079-b579e82e6dfe.JPG,Elateroidea,number_one,number_one_8.jpg,stylized156.jpg,
156,1558295463284.jpg,Elateroidea,number_one,number_one_2.jpg,stylized157.jpg,
157,1559283849386.jpg,Elateroidea,number_one,number_one_10.jpg,stylized158.jpg,
158,1559375896056.jpg,Elateroidea,number_one,number_one_9.jpg,stylized159.jpg,
159,0ba9cafd-7283-49b8-bfab-ca959db2392b.JPG,Elateroidea,number_one,number_one_3.JPG,stylized160.jpg,
160,1560585767933.jpg,Elateroidea,autumn_leaves,autumn_leaves_4.jpeg,stylized161.jpg,
161,1559656947300.jpg,Elateroidea,autumn_leaves,autumn_leaves_1.jpg,stylized162.jpg,
162,1556522502415.jpg,Elateroidea,autumn_leaves,autumn_leaves_5.jpg,stylized163.jpg,
163,1560702674425.jpg,Elateroidea,autumn_leaves,autumn_leaves_8.jpg,stylized164.jpg,
164,1558518754251.jpg,Elateroidea,autumn_leaves,autumn_leaves_7.jpg,stylized165.jpg,
165,1557498422387.jpg,Elateroidea,autumn_leaves,autumn_leaves_5.jpg,stylized166.jpg,
166,1560190241378.jpg,Elateroidea,autumn_leaves,autumn_leaves_9.jpeg,stylized167.jpg,
167,1557344024654.jpg,Elateroidea,autumn_leaves,autumn_leaves_0.jpg,stylized168.jpg,
168,1560586045226.jpg,Elateroidea,autumn_leaves,autumn_leaves_8.jpg,stylized169.jpg,
169,1559284786461.jpg,Elateroidea,autumn_leaves,autumn_leaves_6.jpg,stylized170.jpg,
170,1559806475455.jpg,Elateroidea,autumn_leaves,autumn_leaves_6.jpg,stylized171.jpg,
171,1560408801460.jpg,Elateroidea,autumn_leaves,autumn_leaves_4.jpeg,stylized172.jpg,
172,1558519028606.jpg,Elateroidea,autumn_leaves,autumn_leaves_0.jpg,stylized173.jpg,
173,1556008281247.jpg,Elateroidea,autumn_leaves,autumn_leaves_1.jpg,stylized174.jpg,
174,1559483194227.jpg,Elateroidea,autumn_leaves,autumn_leaves_3.jpg,stylized175.jpg,
175,1559743017877.jpg,Elateroidea,autumn_leaves,autumn_leaves_6.jpg,stylized176.jpg,
176,1557853547028.jpg,Elateroidea,autumn_leaves,autumn_leaves_2.jpg,stylized177.jpg,
177,1559900304113.jpg,Elateroidea,autumn_leaves,autumn_leaves_4.jpeg,stylized178.jpg,
178,1559483132062.jpg,Elateroidea,autumn_leaves,autumn_leaves_3.jpg,stylized179.jpg,
179,1558811045105.jpg,Elateroidea,autumn_leaves,autumn_leaves_5.jpg,stylized180.jpg,
180,1560066135441.jpg,Elateroidea,autumn_leaves,autumn_leaves_0.jpg,stylized181.jpg,
181,554522bc-b763-4205-b056-ca69158fb709.JPG,Elateroidea,autumn_leaves,autumn_leaves_7.jpg,stylized182.jpg,
182,1559129559659.jpg,Elateroidea,autumn_leaves,autumn_leaves_8.jpg,stylized183.jpg,
183,1558252534716.jpg,Elateroidea,autumn_leaves,autumn_leaves_8.jpg,stylized184.jpg,
184,1560094053027.jpg,Elateroidea,autumn_leaves,autumn_leaves_0.jpg,stylized185.jpg,
185,1559483216280.jpg,Elateroidea,autumn_leaves,autumn_leaves_5.jpg,stylized186.jpg,
186,1558098666511.jpg,Elateroidea,autumn_leaves,autumn_leaves_9.jpeg,stylized187.jpg,
187,1559656911004.jpg,Elateroidea,autumn_leaves,autumn_leaves_3.jpg,stylized188.jpg,
188,1557316322936.jpg,Elateroidea,autumn_leaves,autumn_leaves_5.jpg,stylized189.jpg,
189,1560585689015.jpg,Elateroidea,autumn_leaves,autumn_leaves_8.jpg,stylized190.jpg,
190,1560696650903.jpg,Elateroidea,autumn_leaves,autumn_leaves_0.jpg,stylized191.jpg,
191,1559667840434.jpg,Elateroidea,autumn_leaves,autumn_leaves_8.jpg,stylized192.jpg,
192,1557343196379.jpg,Elateroidea,autumn_leaves,autumn_leaves_7.jpg,stylized193.jpg,
193,1560371689407.jpg,Elateroidea,autumn_leaves,autumn_leaves_6.jpg,stylized194.jpg,
194,1558343121513.jpg,Elateroidea,autumn_leaves,autumn_leaves_6.jpg,stylized195.jpg,
195,7bc2a73b-f946-4670-8526-594ea728510d.JPG,Elateroidea,autumn_leaves,autumn_leaves_0.jpg,stylized196.jpg,
196,1aa56249-ebb8-4742-9fbb-ca2e4cecda1a.jpg,Elateroidea,autumn_leaves,autumn_leaves_6.jpg,stylized197.jpg,
197,1556111107084.jpg,Elateroidea,autumn_leaves,autumn_leaves_7.jpg,stylized198.jpg,
198,1556655166210.jpg,Elateroidea,autumn_leaves,autumn_leaves_8.jpg,stylized199.jpg,
199,1559834195351.jpg,Elateroidea,autumn_leaves,autumn_leaves_9.jpeg,stylized200.jpg,
200,1560607508595.jpg,Elateroidea,trippy_flowers,trippy_flowers_1.png,stylized201.jpg,
201,1557846214413.jpg,Elateroidea,trippy_flowers,trippy_flowers_2.jpg,stylized202.jpg,
202,426328ee-88a0-47cd-bacd-68f1481556ed.JPG,Elateroidea,trippy_flowers,trippy_flowers_2.jpg,stylized203.jpg,
203,1559115003923.jpg,Elateroidea,trippy_flowers,trippy_flowers_2.jpg,stylized204.jpg,
204,1558541961699.jpg,Elateroidea,trippy_flowers,trippy_flowers_1.png,stylized205.jpg,
205,1559034102921.jpg,Elateroidea,trippy_flowers,trippy_flowers_3.jpg,stylized206.jpg,
206,1559143219424.jpg,Elateroidea,trippy_flowers,trippy_flowers_3.jpg,stylized207.jpg,
207,1557411783433.jpg,Elateroidea,trippy_flowers,trippy_flowers_3.jpg,stylized208.jpg,
208,1557586230284.jpg,Elateroidea,trippy_flowers,trippy_flowers_1.png,stylized209.jpg,
209,c728e461-0709-43a3-b159-749ffb025409.JPG,Elateroidea,trippy_flowers,trippy_flowers_1.png,stylized210.jpg,
210,1557674345977.jpg,Elateroidea,trippy_flowers,trippy_flowers_1.png,stylized211.jpg,
211,1558803338562.jpg,Elateroidea,trippy_flowers,trippy_flowers_2.jpg,stylized212.jpg,
212,1560349855400.jpg,Elateroidea,trippy_flowers,trippy_flowers_1.png,stylized213.jpg,
213,1555942983530.jpg,Elateroidea,trippy_flowers,trippy_flowers_1.png,stylized214.jpg,
214,1558096673928.jpg,Elateroidea,trippy_flowers,trippy_flowers_2.jpg,stylized215.jpg,
215,1558717420915.jpg,Elateroidea,trippy_flowers,trippy_flowers_2.jpg,stylized216.jpg,
216,1557384710923.jpg,Elateroidea,trippy_flowers,trippy_flowers_1.png,stylized217.jpg,
217,1559745490612.jpg,Elateroidea,trippy_flowers,trippy_flowers_1.png,stylized218.jpg,
218,1558024626036.jpg,Elateroidea,trippy_flowers,trippy_flowers_0.jpeg,stylized219.jpg,
219,1560684687248.jpg,Elateroidea,trippy_flowers,trippy_flowers_3.jpg,stylized220.jpg,
220,1559896532523.jpg,Elateroidea,trippy_flowers,trippy_flowers_1.png,stylized221.jpg,
221,1558675371985.jpg,Elateroidea,trippy_flowers,trippy_flowers_3.jpg,stylized222.jpg,
222,1559128682405.jpg,Elateroidea,trippy_flowers,trippy_flowers_1.png,stylized223.jpg,
223,1557580676060.jpg,Elateroidea,trippy_flowers,trippy_flowers_1.png,stylized224.jpg,
224,ebcad665-8138-4eaf-9433-0271dfde1009.jpg,Elateroidea,trippy_flowers,trippy_flowers_0.jpeg,stylized225.jpg,
225,1560367251644.jpg,Elateroidea,trippy_flowers,trippy_flowers_0.jpeg,stylized226.jpg,
226,1558708377053.jpg,Elateroidea,trippy_flowers,trippy_flowers_3.jpg,stylized227.jpg,
227,1558248760934.jpg,Elateroidea,trippy_flowers,trippy_flowers_2.jpg,stylized228.jpg,
228,1560581759136.jpg,Elateroidea,trippy_flowers,trippy_flowers_2.jpg,stylized229.jpg,
229,1557588338365.jpg,Elateroidea,trippy_flowers,trippy_flowers_0.jpeg,stylized230.jpg,
230,1556967166957.jpg,Elateroidea,trippy_flowers,trippy_flowers_2.jpg,stylized231.jpg,
231,e1f97a0b-3da7-46f6-847a-c097fff069cb.jpg,Elateroidea,trippy_flowers,trippy_flowers_2.jpg,stylized232.jpg,
232,267a378b-316b-4245-9064-7ff82ff67785.JPG,Elateroidea,trippy_flowers,trippy_flowers_0.jpeg,stylized233.jpg,
233,904e8246-d1ff-4bb9-a38d-66717519f303.JPG,Elateroidea,trippy_flowers,trippy_flowers_2.jpg,stylized234.jpg,
234,1558972387271.jpg,Elateroidea,trippy_flowers,trippy_flowers_2.jpg,stylized235.jpg,
235,43b0064e-1e39-4dbb-9cf8-0c6afcbb9f6c.jpg,Elateroidea,trippy_flowers,trippy_flowers_0.jpeg,stylized236.jpg,
236,1556189133570.jpg,Elateroidea,trippy_flowers,trippy_flowers_1.png,stylized237.jpg,
237,1558519056847.jpg,Elateroidea,trippy_flowers,trippy_flowers_2.jpg,stylized238.jpg,
238,1560069825667.jpg,Elateroidea,trippy_flowers,trippy_flowers_2.jpg,stylized239.jpg,
239,1557573724079.jpg,Elateroidea,trippy_flowers,trippy_flowers_2.jpg,stylized240.jpg,
240,1557002424501.jpg,Tenthredinoidea,number_one,number_one_2.jpg,stylized241.jpg,
241,1555095715127.jpg,Tenthredinoidea,number_one,number_one_3.JPG,stylized242.jpg,
242,1558761323428.jpg,Tenthredinoidea,number_one,number_one_10.jpg,stylized243.jpg,
243,1558676214487.jpg,Tenthredinoidea,number_one,number_one_1.jpg,stylized244.jpg,
244,1557421880814.jpg,Tenthredinoidea,number_one,number_one_2.jpg,stylized245.jpg,
245,1558248602330.jpg,Tenthredinoidea,number_one,number_one_7.jpg,stylized246.jpg,
246,1554917856477.jpg,Tenthredinoidea,number_one,number_one_7.jpg,stylized247.jpg,
247,1559630957888.jpg,Tenthredinoidea,number_one,number_one_10.jpg,stylized248.jpg,
248,1558706572008.jpg,Tenthredinoidea,number_one,number_one_8.jpg,stylized249.jpg,
249,1556380447007.jpg,Tenthredinoidea,number_one,number_one_11.jpg,stylized250.jpg,
250,1558637120884.jpg,Tenthredinoidea,number_one,number_one_1.jpg,stylized251.jpg,
251,1557756550563.jpg,Tenthredinoidea,number_one,number_one_0.jpg,stylized252.jpg,
252,1554899795890.jpg,Tenthredinoidea,number_one,number_one_4.jpeg,stylized253.jpg,
253,1558253564407.jpg,Tenthredinoidea,number_one,number_one_6.jpg,stylized254.jpg,
254,1558093044589.jpg,Tenthredinoidea,number_one,number_one_4.jpeg,stylized255.jpg,
255,1558188411284.jpg,Tenthredinoidea,number_one,number_one_0.jpg,stylized256.jpg,
256,1558295157979.jpg,Tenthredinoidea,number_one,number_one_9.jpg,stylized257.jpg,
257,1555149827011.jpg,Tenthredinoidea,number_one,number_one_8.jpg,stylized258.jpg,
258,1559022858249.jpg,Tenthredinoidea,number_one,number_one_6.jpg,stylized259.jpg,
259,1558072809479.jpg,Tenthredinoidea,number_one,number_one_0.jpg,stylized260.jpg,
260,1557646424257.jpg,Tenthredinoidea,number_one,number_one_7.jpg,stylized261.jpg,
261,1558715775235.jpg,Tenthredinoidea,number_one,number_one_5.jpg,stylized262.jpg,
262,1559998392984.jpg,Tenthredinoidea,number_one,number_one_9.jpg,stylized263.jpg,
263,1556736189370.jpg,Tenthredinoidea,number_one,number_one_10.jpg,stylized264.jpg,
264,1559023506569.jpg,Tenthredinoidea,number_one,number_one_0.jpg,stylized265.jpg,
265,1557816563036.jpg,Tenthredinoidea,number_one,number_one_0.jpg,stylized266.jpg,
266,1555429555493.jpg,Tenthredinoidea,number_one,number_one_0.jpg,stylized267.jpg,
267,1557207053671.jpg,Tenthredinoidea,number_one,number_one_3.JPG,stylized268.jpg,
268,1559128287311.jpg,Tenthredinoidea,number_one,number_one_9.jpg,stylized269.jpg,
269,1557207089725.jpg,Tenthredinoidea,number_one,number_one_2.jpg,stylized270.jpg,
270,1559114667509.jpg,Tenthredinoidea,number_one,number_one_6.jpg,stylized271.jpg,
271,1557208596305.jpg,Tenthredinoidea,number_one,number_one_1.jpg,stylized272.jpg,
272,1559128255338.jpg,Tenthredinoidea,number_one,number_one_9.jpg,stylized273.jpg,
273,1557568227567.jpg,Tenthredinoidea,number_one,number_one_3.JPG,stylized274.jpg,
274,1558813612858.jpg,Tenthredinoidea,number_one,number_one_5.jpg,stylized275.jpg,
275,1559479179073.jpg,Tenthredinoidea,number_one,number_one_8.jpg,stylized276.jpg,
276,1558764106489.jpg,Tenthredinoidea,number_one,number_one_10.jpg,stylized277.jpg,
277,1559567460276.jpg,Tenthredinoidea,number_one,number_one_0.jpg,stylized278.jpg,
278,1559022876474.jpg,Tenthredinoidea,number_one,number_one_4.jpeg,stylized279.jpg,
279,1555002544532.jpg,Tenthredinoidea,number_one,number_one_9.jpg,stylized280.jpg,
280,1558591406978.jpg,Tenthredinoidea,autumn_leaves,autumn_leaves_8.jpg,stylized281.jpg,
281,1558188442089.jpg,Tenthredinoidea,autumn_leaves,autumn_leaves_6.jpg,stylized282.jpg,
282,1556708784120.jpg,Tenthredinoidea,autumn_leaves,autumn_leaves_9.jpeg,stylized283.jpg,
283,1554902116358.jpg,Tenthredinoidea,autumn_leaves,autumn_leaves_2.jpg,stylized284.jpg,
284,1559116170262.jpg,Tenthredinoidea,autumn_leaves,autumn_leaves_4.jpeg,stylized285.jpg,
285,1559743979764.jpg,Tenthredinoidea,autumn_leaves,autumn_leaves_2.jpg,stylized286.jpg,
286,1555006977861.jpg,Tenthredinoidea,autumn_leaves,autumn_leaves_1.jpg,stylized287.jpg,
287,1557523138634.jpg,Tenthredinoidea,autumn_leaves,autumn_leaves_1.jpg,stylized288.jpg,
288,1558638366773.jpg,Tenthredinoidea,autumn_leaves,autumn_leaves_7.jpg,stylized289.jpg,
289,1557589378449.jpg,Tenthredinoidea,autumn_leaves,autumn_leaves_4.jpeg,stylized290.jpg,
290,1555537622141.jpg,Tenthredinoidea,autumn_leaves,autumn_leaves_1.jpg,stylized291.jpg,
291,1559509173907.jpg,Tenthredinoidea,autumn_leaves,autumn_leaves_5.jpg,stylized292.jpg,
292,1555235404089.jpg,Tenthredinoidea,autumn_leaves,autumn_leaves_8.jpg,stylized293.jpg,
293,1556999744384.jpg,Tenthredinoidea,autumn_leaves,autumn_leaves_3.jpg,stylized294.jpg,
294,1558385147447.jpg,Tenthredinoidea,autumn_leaves,autumn_leaves_3.jpg,stylized295.jpg,
295,1559474570577.jpg,Tenthredinoidea,autumn_leaves,autumn_leaves_8.jpg,stylized296.jpg,
296,1555831173723.jpg,Tenthredinoidea,autumn_leaves,autumn_leaves_2.jpg,stylized297.jpg,
297,1556708812769.jpg,Tenthredinoidea,autumn_leaves,autumn_leaves_0.jpg,stylized298.jpg,
298,1558763205843.jpg,Tenthredinoidea,autumn_leaves,autumn_leaves_6.jpg,stylized299.jpg,
299,1558072788129.jpg,Tenthredinoidea,autumn_leaves,autumn_leaves_1.jpg,stylized300.jpg,
300,1560074046992.jpg,Tenthredinoidea,autumn_leaves,autumn_leaves_1.jpg,stylized301.jpg,
301,1557303720491.jpg,Tenthredinoidea,autumn_leaves,autumn_leaves_5.jpg,stylized302.jpg,
302,1556212426825.jpg,Tenthredinoidea,autumn_leaves,autumn_leaves_2.jpg,stylized303.jpg,
303,1558126556559.jpg,Tenthredinoidea,autumn_leaves,autumn_leaves_6.jpg,stylized304.jpg,
304,1558762532231.jpg,Tenthredinoidea,autumn_leaves,autumn_leaves_3.jpg,stylized305.jpg,
305,1559630973571.jpg,Tenthredinoidea,autumn_leaves,autumn_leaves_1.jpg,stylized306.jpg,
306,1557757495048.jpg,Tenthredinoidea,autumn_leaves,autumn_leaves_5.jpg,stylized307.jpg,
307,1558092548349.jpg,Tenthredinoidea,autumn_leaves,autumn_leaves_3.jpg,stylized308.jpg,
308,1559300813432.jpg,Tenthredinoidea,autumn_leaves,autumn_leaves_9.jpeg,stylized309.jpg,
309,1559509219335.jpg,Tenthredinoidea,autumn_leaves,autumn_leaves_1.jpg,stylized310.jpg,
310,1558388467795.jpg,Tenthredinoidea,autumn_leaves,autumn_leaves_4.jpeg,stylized311.jpg,
311,1557250264379.jpg,Tenthredinoidea,autumn_leaves,autumn_leaves_5.jpg,stylized312.jpg,
312,1559474612384.jpg,Tenthredinoidea,autumn_leaves,autumn_leaves_5.jpg,stylized313.jpg,
313,1557345051752.jpg,Tenthredinoidea,autumn_leaves,autumn_leaves_0.jpg,stylized314.jpg,
314,1557208669091.jpg,Tenthredinoidea,autumn_leaves,autumn_leaves_5.jpg,stylized315.jpg,
315,1558385182941.jpg,Tenthredinoidea,autumn_leaves,autumn_leaves_3.jpg,stylized316.jpg,
316,1558030839632.jpg,Tenthredinoidea,autumn_leaves,autumn_leaves_5.jpg,stylized317.jpg,
317,1557207011093.jpg,Tenthredinoidea,autumn_leaves,autumn_leaves_3.jpg,stylized318.jpg,
318,1558676231439.jpg,Tenthredinoidea,autumn_leaves,autumn_leaves_1.jpg,stylized319.jpg,
319,1558287415125.jpg,Tenthredinoidea,autumn_leaves,autumn_leaves_1.jpg,stylized320.jpg,
320,1555947381543.jpg,Tenthredinoidea,trippy_flowers,trippy_flowers_1.png,stylized321.jpg,
321,1558253590971.jpg,Tenthredinoidea,trippy_flowers,trippy_flowers_2.jpg,stylized322.jpg,
322,1559982500724.jpg,Tenthredinoidea,trippy_flowers,trippy_flowers_3.jpg,stylized323.jpg,
323,1559479206803.jpg,Tenthredinoidea,trippy_flowers,trippy_flowers_1.png,stylized324.jpg,
324,1560069774604.jpg,Tenthredinoidea,trippy_flowers,trippy_flowers_0.jpeg,stylized325.jpg,
325,1559129392704.jpg,Tenthredinoidea,trippy_flowers,trippy_flowers_0.jpeg,stylized326.jpg,
326,1555680025095.jpg,Tenthredinoidea,trippy_flowers,trippy_flowers_2.jpg,stylized327.jpg,
327,1558253532938.jpg,Tenthredinoidea,trippy_flowers,trippy_flowers_0.jpeg,stylized328.jpg,
328,1559116134228.jpg,Tenthredinoidea,trippy_flowers,trippy_flowers_3.jpg,stylized329.jpg,
329,1556294072124.jpg,Tenthredinoidea,trippy_flowers,trippy_flowers_3.jpg,stylized330.jpg,
330,1558281469750.jpg,Tenthredinoidea,trippy_flowers,trippy_flowers_0.jpeg,stylized331.jpg,
331,1558092457024.jpg,Tenthredinoidea,trippy_flowers,trippy_flowers_3.jpg,stylized332.jpg,
332,1558715896178.jpg,Tenthredinoidea,trippy_flowers,trippy_flowers_3.jpg,stylized333.jpg,
333,1558178960029.jpg,Tenthredinoidea,trippy_flowers,trippy_flowers_1.png,stylized334.jpg,
334,1554899760356.jpg,Tenthredinoidea,trippy_flowers,trippy_flowers_3.jpg,stylized335.jpg,
335,1559630985391.jpg,Tenthredinoidea,trippy_flowers,trippy_flowers_1.png,stylized336.jpg,
336,1556615088809.jpg,Tenthredinoidea,trippy_flowers,trippy_flowers_2.jpg,stylized337.jpg,
337,1559474656017.jpg,Tenthredinoidea,trippy_flowers,trippy_flowers_1.png,stylized338.jpg,
338,1559107485719.jpg,Tenthredinoidea,trippy_flowers,trippy_flowers_2.jpg,stylized339.jpg,
339,1556032086262.jpg,Tenthredinoidea,trippy_flowers,trippy_flowers_1.png,stylized340.jpg,
340,1559054530226.jpg,Tenthredinoidea,trippy_flowers,trippy_flowers_3.jpg,stylized341.jpg,
341,1555832462024.jpg,Tenthredinoidea,trippy_flowers,trippy_flowers_1.png,stylized342.jpg,
342,1559022830230.jpg,Tenthredinoidea,trippy_flowers,trippy_flowers_1.png,stylized343.jpg,
343,1559128313786.jpg,Tenthredinoidea,trippy_flowers,trippy_flowers_1.png,stylized344.jpg,
344,1559116183428.jpg,Tenthredinoidea,trippy_flowers,trippy_flowers_1.png,stylized345.jpg,
345,1559389457643.jpg,Tenthredinoidea,trippy_flowers,trippy_flowers_3.jpg,stylized346.jpg,
346,1556294939210.jpg,Tenthredinoidea,trippy_flowers,trippy_flowers_2.jpg,stylized347.jpg,
347,1557845773159.jpg,Tenthredinoidea,trippy_flowers,trippy_flowers_1.png,stylized348.jpg,
348,1558092447035.jpg,Tenthredinoidea,trippy_flowers,trippy_flowers_0.jpeg,stylized349.jpg,
349,1557206971940.jpg,Tenthredinoidea,trippy_flowers,trippy_flowers_0.jpeg,stylized350.jpg,
350,1557949564958.jpg,Tenthredinoidea,trippy_flowers,trippy_flowers_3.jpg,stylized351.jpg,
351,1559657784888.jpg,Tenthredinoidea,trippy_flowers,trippy_flowers_3.jpg,stylized352.jpg,
352,1559129360443.jpg,Tenthredinoidea,trippy_flowers,trippy_flowers_1.png,stylized353.jpg,
353,1558761302906.jpg,Tenthredinoidea,trippy_flowers,trippy_flowers_3.jpg,stylized354.jpg,
354,1559284484728.jpg,Tenthredinoidea,trippy_flowers,trippy_flowers_0.jpeg,stylized355.jpg,
355,1558126511883.jpg,Tenthredinoidea,trippy_flowers,trippy_flowers_0.jpeg,stylized356.jpg,
356,1557422099556.jpg,Tenthredinoidea,trippy_flowers,trippy_flowers_0.jpeg,stylized357.jpg,
357,1558519678842.jpg,Tenthredinoidea,trippy_flowers,trippy_flowers_2.jpg,stylized358.jpg,
358,1557986991352.jpg,Tenthredinoidea,trippy_flowers,trippy_flowers_1.png,stylized359.jpg,
359,1557573570993.jpg,Tenthredinoidea,trippy_flowers,trippy_flowers_0.jpeg,stylized360.jpg,
